"PID","ID_0","ISO","NAME_0","ID_1","NAME_1","NL_NAME_1","VARNAME_1","TYPE_1","ENGTYPE_1"
2055,157,"NPL","Nepal",1,"Central","","Madhyamanchal","Vikas Kshetra","Development Region"
2056,157,"NPL","Nepal",2,"East","","Eastern|Purwanchal","Vikas Kshetra","Development Region"
2057,157,"NPL","Nepal",3,"Far-Western","","Sudur Pashchimanchal","Vikas Kshetra","Development Region"
2058,157,"NPL","Nepal",4,"Mid-Western","","Madhya Pashchimanchal","Vikas Kshetra","Development Region"
2059,157,"NPL","Nepal",5,"West","","Western|Pashchimanchal","Vikas Kshetra","Development Region"
